Name,Age,Gender,Email
Aarav,20,Male,aarav20@example.com
Vivaan,40,Male,vivaan40@example.com
Aditya,41,Male,aditya41@example.com
Vihaan,42,Male,vihaan42@example.com
Arjun,36,Male,arjun36@example.com
Reyansh,30,Male,reyansh30@example.com
Mohammed,28,Male,mohammed28@example.com
Sai,38,Male,sai38@example.com
Arnav,33,Male,arnav33@example.com
Ayaan,24,Male,ayaan24@example.com
Sara,42,Male,sara42@example.com
Anaya,54,Male,anaya54@example.com
Diya,30,Male,diya30@example.com
Aadhya,60,Male,aadhya60@example.com
Myra,56,Male,myra56@example.com
Ira,34,Male,ira34@example.com
Saanvi,28,Male,saanvi28@example.com
Aarohi,27,Male,aarohi27@example.com
Anika,39,Male,anika39@example.com
Riya,29,Male,riya29@example.com
Kabir,23,Male,kabir23@example.com
Atharv,51,Male,atharv51@example.com
Shaurya,20,Male,shaurya20@example.com
Ishaan,34,Male,ishaan34@example.com
Krishna,43,Male,krishna43@example.com
Rudra,52,Female,rudra52@example.com
Kian,35,Female,kian35@example.com
Dhruv,23,Female,dhruv23@example.com
Yuvaan,28,Female,yuvaan28@example.com
Aryan,55,Female,aryan55@example.com
Tanishka,19,Female,tanishka19@example.com
Prisha,18,Female,prisha18@example.com
Navya,18,Female,navya18@example.com
Meera,29,Female,meera29@example.com
Aaradhya,58,Female,aaradhya58@example.com
Trisha,47,Female,trisha47@example.com
Kiara,31,Female,kiara31@example.com
Nisha,53,Female,nisha53@example.com
Ishita,46,Female,ishita46@example.com
Tanvi,24,Female,tanvi24@example.com
Om,46,Female,om46@example.com
Hritik,44,Female,hritik44@example.com
Lakshay,33,Female,lakshay33@example.com
Manav,60,Female,manav60@example.com
Raghav,31,Female,raghav31@example.com
Naman,29,Female,naman29@example.com
Harsh,58,Female,harsh58@example.com
Utkarsh,38,Female,utkarsh38@example.com
Ritika,39,Female,ritika39@example.com
Pooja,28,Female,pooja28@example.com
